{
  "session_average": 23795.975964795434,
  "vwap": 23785.18307054943,
  "time_at_avg_seconds": 112,
  "time_at_avg_minutes": 1.8666666666666667,
  "time_at_avg_pct": 2.664129400570885,
  "price_crosses": 76,
  "tolerance_points": 0.5
}